[
  {
    "trial_id": "NCT04567890",
    "title": "Efficacy and Safety of Metformin XR in Type 2 Diabetes",
    "drug_name": "Metformin",
    "intervention": "Metformin Extended Release",
    "condition": "Type 2 Diabetes",
    "phase": "Phase III",
    "status": "Recruiting",
    "start_date": "2023-01-15",
    "estimated_completion": "2025-06-30",
    "enrollment": 500,
    "primary_endpoint": "HbA1c reduction",
    "sponsor": "Diabetes Research Institute",
    "locations": ["United States", "Canada", "Mexico"]
  },
  {
    "trial_id": "NCT04567891",
    "title": "Pembrolizumab in Combination with Chemotherapy for Advanced NSCLC",
    "drug_name": "Pembrolizumab",
    "intervention": "Pembrolizumab + Chemotherapy",
    "condition": "Non-Small Cell Lung Cancer",
    "phase": "Phase III",
    "status": "Active, not recruiting",
    "start_date": "2022-03-10",
    "estimated_completion": "2024-12-31",
    "enrollment": 750,
    "primary_endpoint": "Overall Survival",
    "sponsor": "Oncology Clinical Trials Network",
    "locations": ["United States", "European Union", "Japan"]
  },
  {
    "trial_id": "NCT04567892",
    "title": "Atorvastatin for Primary Prevention of Cardiovascular Events",
    "drug_name": "Atorvastatin",
    "intervention": "Atorvastatin 20mg",
    "condition": "Cardiovascular Disease Prevention",
    "phase": "Phase IV",
    "status": "Completed",
    "start_date": "2021-05-01",
    "estimated_completion": "2023-11-30",
    "enrollment": 1200,
    "primary_endpoint": "Major Adverse Cardiac Events",
    "sponsor": "Cardiovascular Research Foundation",
    "locations": ["United States", "United Kingdom"]
  }
]







