[
  {
    "product": "Pharmaceutical preparations",
    "category": "Diabetes",
    "export_value_usd_millions": 1250,
    "import_value_usd_millions": 890,
    "year": 2024,
    "quarter": "Q1",
    "top_export_destination": "European Union",
    "top_import_source": "China",
    "trade_balance_usd_millions": 360,
    "growth_trend": "increasing"
  },
  {
    "product": "Oncology drugs",
    "category": "Oncology",
    "export_value_usd_millions": 3200,
    "import_value_usd_millions": 2100,
    "year": 2024,
    "quarter": "Q1",
    "top_export_destination": "United States",
    "top_import_source": "Switzerland",
    "trade_balance_usd_millions": 1100,
    "growth_trend": "stable"
  },
  {
    "product": "Cardiovascular medications",
    "category": "Cardiovascular",
    "export_value_usd_millions": 980,
    "import_value_usd_millions": 1150,
    "year": 2024,
    "quarter": "Q1",
    "top_export_destination": "India",
    "top_import_source": "Germany",
    "trade_balance_usd_millions": -170,
    "growth_trend": "decreasing"
  }
]







