[
  {
    "molecule": "Metformin",
    "therapeutic_area": "Diabetes",
    "market_size_usd_millions": 2500,
    "growth_rate_percent": 4.2,
    "year": 2024,
    "region": "Global",
    "key_players": ["Merck", "Teva", "Mylan"],
    "market_share_leader": "Merck",
    "market_share_percent": 35.5
  },
  {
    "molecule": "Pembrolizumab",
    "therapeutic_area": "Oncology",
    "market_size_usd_millions": 18500,
    "growth_rate_percent": 12.8,
    "year": 2024,
    "region": "Global",
    "key_players": ["Merck", "Bristol-Myers Squibb"],
    "market_share_leader": "Merck",
    "market_share_percent": 42.3
  },
  {
    "molecule": "Atorvastatin",
    "therapeutic_area": "Cardiovascular",
    "market_size_usd_millions": 3200,
    "growth_rate_percent": -2.1,
    "year": 2024,
    "region": "Global",
    "key_players": ["Pfizer", "Generic manufacturers"],
    "market_share_leader": "Pfizer",
    "market_share_percent": 28.7
  }
]







