[
  {
    "patent_number": "US11234567B2",
    "title": "Novel Metformin Derivatives for Enhanced Efficacy",
    "inventor": "Dr. John Smith",
    "assignee": "PharmaCorp Inc.",
    "filing_date": "2020-03-15",
    "publication_date": "2021-09-20",
    "expiration_date": "2040-03-15",
    "category": "Diabetes",
    "status": "Active",
    "claims_count": 25,
    "cited_by_count": 45
  },
  {
    "patent_number": "US10987654A1",
    "title": "Immunotherapy Composition for Cancer Treatment",
    "inventor": "Dr. Jane Doe",
    "assignee": "BioTech Solutions",
    "filing_date": "2019-06-10",
    "publication_date": "2020-12-05",
    "expiration_date": "2039-06-10",
    "category": "Oncology",
    "status": "Active",
    "claims_count": 32,
    "cited_by_count": 78
  },
  {
    "patent_number": "US10876543B1",
    "title": "Statin Formulation with Improved Bioavailability",
    "inventor": "Dr. Robert Johnson",
    "assignee": "MedPharm Ltd.",
    "filing_date": "2018-11-22",
    "publication_date": "2020-05-18",
    "expiration_date": "2038-11-22",
    "category": "Cardiovascular",
    "status": "Active",
    "claims_count": 18,
    "cited_by_count": 23
  }
]







