[
  {
    "title": "New Diabetes Treatment Shows Promise in Clinical Trials",
    "source": "Medical News Today",
    "url": "https://example.com/news/diabetes-treatment",
    "date": "2024-01-15",
    "content": "Recent clinical trials have demonstrated significant improvements in glycemic control with novel diabetes medications. The pharmaceutical industry is seeing increased investment in diabetes research and development.",
    "relevance_score": 0.92,
    "category": "News"
  },
  {
    "title": "Oncology Market Growth Driven by Immunotherapy Advances",
    "source": "Pharmaceutical Business Review",
    "url": "https://example.com/review/oncology-market",
    "date": "2024-02-20",
    "content": "The global oncology market continues to expand, with immunotherapy treatments leading the way. Market analysts predict sustained growth over the next five years, driven by innovative treatment modalities and expanding indications.",
    "relevance_score": 0.88,
    "category": "Market Analysis"
  },
  {
    "title": "Cardiovascular Drug Patent Expirations Create Generic Opportunities",
    "source": "IP Watchdog",
    "url": "https://example.com/ip/cardiovascular-patents",
    "date": "2024-03-10",
    "content": "Several key cardiovascular drug patents are approaching expiration, creating opportunities for generic manufacturers. Industry experts anticipate increased competition and potential price reductions in the cardiovascular therapeutics market.",
    "relevance_score": 0.85,
    "category": "Intellectual Property"
  }
]







